<?xml version="1.0"?>
<!-- Copyright (C) 2009-2014 Free Software Foundation, Inc.

     Copying and distribution of this file, with or without modification,
     are permitted in any medium without royalty provided the copyright
     notice and this notice are preserved.  -->

<!DOCTYPE target SYSTEM "gdb-target.dtd">
<target>
  <feature name="org.gnu.gdb.arm.core">
    <reg name="r0" bitsize="32" type="uint32"/>
    <reg name="r1" bitsize="32" type="uint32"/>
    <reg name="r2" bitsize="32" type="uint32"/>
    <reg name="r3" bitsize="32" type="uint32"/>
    <reg name="r4" bitsize="32" type="uint32"/>
    <reg name="r5" bitsize="32" type="uint32"/>
    <reg name="r6" bitsize="32" type="uint32"/>
    <reg name="r7" bitsize="32" type="uint32"/>
    <reg name="r8" bitsize="32" type="uint32"/>
    <reg name="r9" bitsize="32" type="uint32"/>
    <reg name="r10" bitsize="32" type="uint32"/>
    <reg name="r11" bitsize="32" type="uint32"/>
    <reg name="r12" bitsize="32" type="uint32"/>
    <reg name="sp" bitsize="32" type="data_ptr"/>
    <reg name="lr" bitsize="32"/>
    <reg name="pc" bitsize="32" type="code_ptr"/>
    <reg name="cpsr" bitsize="32" type="uint32" regnum="25"/>
  </feature>
  
  <feature name="org.gnu.gdb.arm.vfp">
    <reg name="d0" bitsize="64" type="ieee_double"/>
    <reg name="d1" bitsize="64" type="ieee_double"/>
    <reg name="d2" bitsize="64" type="ieee_double"/>
    <reg name="d3" bitsize="64" type="ieee_double"/>
    <reg name="d4" bitsize="64" type="ieee_double"/>
    <reg name="d5" bitsize="64" type="ieee_double"/>
    <reg name="d6" bitsize="64" type="ieee_double"/>
    <reg name="d7" bitsize="64" type="ieee_double"/>
    <reg name="d8" bitsize="64" type="ieee_double"/>
    <reg name="d9" bitsize="64" type="ieee_double"/>
    <reg name="d10" bitsize="64" type="ieee_double"/>
    <reg name="d11" bitsize="64" type="ieee_double"/>
    <reg name="d12" bitsize="64" type="ieee_double"/>
    <reg name="d13" bitsize="64" type="ieee_double"/>
    <reg name="d14" bitsize="64" type="ieee_double"/>
    <reg name="d15" bitsize="64" type="ieee_double"/>
    <reg name="fpscr" bitsize="32" type="int" group="float"/>
  </feature>
  
  <feature name="armv6">
    <reg name="main_id" bitsize="32"/>
    <reg name="cache_type" bitsize="32"/>
    <reg name="tcm_type" bitsize="32"/>
    <reg name="tlb_type" bitsize="32"/>
    <reg name="control" bitsize="32"/>
    <reg name="aux_control" bitsize="32"/>
    <reg name="copro_access" bitsize="32"/>
    <reg name="ttbr0" bitsize="32"/>
    <reg name="ttbr1" bitsize="32"/>
    <reg name="ttbcr" bitsize="32"/>
    <reg name="domain_access" bitsize="32"/>
    <reg name="dfsr" bitsize="32"/>
    <reg name="ifsr" bitsize="32"/>
    <reg name="far" bitsize="32"/>
    <reg name="wfar" bitsize="32"/>
    <reg name="ifar" bitsize="32"/>
    <reg name="fsce_pid" bitsize="32"/>
    <reg name="contextid" bitsize="32"/>
  </feature>

</target>
